"Timestamp","Height in cms","Gender"
"2020/07/03 9:35:30 am GMT+5:30","173","Male"
"2020/07/03 9:36:49 am GMT+5:30","164","Male"
"2020/07/03 9:37:53 am GMT+5:30","163","Male"
"2020/07/03 9:38:22 am GMT+5:30","178","Male"
"2020/07/03 9:38:29 am GMT+5:30","178","Male"
"2020/07/03 9:38:59 am GMT+5:30","154","Female"
"2020/07/03 9:39:12 am GMT+5:30","171","Male"
"2020/07/03 9:39:34 am GMT+5:30","178","Male"
"2020/07/03 9:40:21 am GMT+5:30","178","Male"
"2020/07/03 9:42:06 am GMT+5:30","183","Male"
"2020/07/03 9:50:30 am GMT+5:30","185","Male"
"2020/07/03 10:00:00 am GMT+5:30","170","Male"
"2020/07/03 10:02:42 am GMT+5:30","180","Male"
"2020/07/03 12:56:13 pm GMT+5:30","5'3","Female"
"2020/07/06 10:06:06 am GMT+5:30","5'3","Female"
"2020/07/06 10:14:19 am GMT+5:30","167","Male"
"2020/07/06 10:15:41 am GMT+5:30","167","Male"